<?xml version="1.0" encoding="UTF-8" ?>
<!DOCTYPE configuration PUBLIC "-//mybatis.org//DTD Config 3.0//EN" 
	"http://mybatis.org/dtd/mybatis-3-config.dtd">

<configuration>
	<properties resource="mybatis/config/db.properties" />
	
	<typeAliases>
		<typeAlias alias="User" type="user.vo.UserVO" />
	</typeAliases>

	<environments default="development">
		<environment id="development">
			<transactionManager type="JDBC" />
			<dataSource type="POOLED">
				<property name="driver" value="${driver}" />
				<property name="url" value="${url}" />
				<property name="username" value="${username}" />
				<property name="password" value="${password}" />
				<property name="poolMaximumActiveConnections"  value="20" />
				<property name="poolMaximumIdleConnections"  value="10" />
				<property name="poolMaximumCheckoutTime"  value="20000" />
			</dataSource>
		</environment>
	</environments>

	<mappers>
		<mapper resource="mybatis/config/User.xml" />
	</mappers>
</configuration>


















